publication_DOI_from_CRIS_system;DataCite_request_API;author_names;number_of_author_names;total_length_author_names;found_dataset_DOI;match_percentage_authors
10.1177/02692163211019321;https://api.datacite.org/dois?query=Robrecht+De Schreye+publicationYear:2021;['Rose', 'Miranda', 'Tinne', 'Smets', 'Robrecht', 'De Schreye', 'Kristof', 'Faes', 'Joachim', 'Cohen', 'Lieve', 'Van den Block'];12;80;10.25384/sage.c.5463579;1.0
10.1177/02692163211019321;https://api.datacite.org/dois?query=Robrecht+De Schreye+publicationYear:2021;['Rose', 'Miranda', 'Tinne', 'Smets', 'Robrecht', 'De Schreye', 'Kristof', 'Faes', 'Joachim', 'Cohen', 'Lieve', 'Van den Block'];12;80;10.25384/sage.c.5463579.v1;1.0
10.1177/02692163211019321;https://api.datacite.org/dois?query=Robrecht+De Schreye+publicationYear:2021;['Rose', 'Miranda', 'Tinne', 'Smets', 'Robrecht', 'De Schreye', 'Kristof', 'Faes', 'Joachim', 'Cohen', 'Lieve', 'Van den Block'];12;80;10.25384/sage.14769777;1.0
10.1177/02692163211019321;https://api.datacite.org/dois?query=Robrecht+De Schreye+publicationYear:2021;['Rose', 'Miranda', 'Tinne', 'Smets', 'Robrecht', 'De Schreye', 'Kristof', 'Faes', 'Joachim', 'Cohen', 'Lieve', 'Van den Block'];12;80;10.25384/sage.14769780;1.0
10.1177/02692163211019321;https://api.datacite.org/dois?query=Robrecht+De Schreye+publicationYear:2021;['Rose', 'Miranda', 'Tinne', 'Smets', 'Robrecht', 'De Schreye', 'Kristof', 'Faes', 'Joachim', 'Cohen', 'Lieve', 'Van den Block'];12;80;10.25384/sage.14769777.v1;1.0
10.1177/02692163211019321;https://api.datacite.org/dois?query=Robrecht+De Schreye+publicationYear:2021;['Rose', 'Miranda', 'Tinne', 'Smets', 'Robrecht', 'De Schreye', 'Kristof', 'Faes', 'Joachim', 'Cohen', 'Lieve', 'Van den Block'];12;80;10.25384/sage.14769780.v1;1.0
10.1177/02692163211019321;https://api.datacite.org/dois?query=Robrecht+De Schreye+publicationYear:2021;['Rose', 'Miranda', 'Tinne', 'Smets', 'Robrecht', 'De Schreye', 'Kristof', 'Faes', 'Joachim', 'Cohen', 'Lieve', 'Van den Block'];12;80;10.25608/xbg3-te48;0.16666666666666666
10.1177/02692163211019321;https://api.datacite.org/dois?query=Joachim+Cohen+publicationYear:2021;['Rose', 'Miranda', 'Tinne', 'Smets', 'Robrecht', 'De Schreye', 'Kristof', 'Faes', 'Joachim', 'Cohen', 'Lieve', 'Van den Block'];12;80;10.25384/sage.c.5658199.v1;0.25
10.1177/02692163211019321;https://api.datacite.org/dois?query=Joachim+Cohen+publicationYear:2021;['Rose', 'Miranda', 'Tinne', 'Smets', 'Robrecht', 'De Schreye', 'Kristof', 'Faes', 'Joachim', 'Cohen', 'Lieve', 'Van den Block'];12;80;10.25384/sage.16795960.v1;0.16666666666666666
10.1177/02692163211019321;https://api.datacite.org/dois?query=Joachim+Cohen+publicationYear:2021;['Rose', 'Miranda', 'Tinne', 'Smets', 'Robrecht', 'De Schreye', 'Kristof', 'Faes', 'Joachim', 'Cohen', 'Lieve', 'Van den Block'];12;80;10.25384/sage.c.5658199;0.25
10.1177/02692163211019321;https://api.datacite.org/dois?query=Joachim+Cohen+publicationYear:2021;['Rose', 'Miranda', 'Tinne', 'Smets', 'Robrecht', 'De Schreye', 'Kristof', 'Faes', 'Joachim', 'Cohen', 'Lieve', 'Van den Block'];12;80;10.25384/sage.16795960;0.16666666666666666
10.1177/02692163211019321;https://api.datacite.org/dois?query=Joachim+Cohen+publicationYear:2021;['Rose', 'Miranda', 'Tinne', 'Smets', 'Robrecht', 'De Schreye', 'Kristof', 'Faes', 'Joachim', 'Cohen', 'Lieve', 'Van den Block'];12;80;10.25384/sage.16773761.v1;0.16666666666666666
10.1177/02692163211019321;https://api.datacite.org/dois?query=Joachim+Cohen+publicationYear:2021;['Rose', 'Miranda', 'Tinne', 'Smets', 'Robrecht', 'De Schreye', 'Kristof', 'Faes', 'Joachim', 'Cohen', 'Lieve', 'Van den Block'];12;80;10.25384/sage.16773761;0.16666666666666666
10.1177/02692163211019321;https://api.datacite.org/dois?query=Joachim+Cohen+publicationYear:2021;['Rose', 'Miranda', 'Tinne', 'Smets', 'Robrecht', 'De Schreye', 'Kristof', 'Faes', 'Joachim', 'Cohen', 'Lieve', 'Van den Block'];12;80;10.25384/sage.c.5653655;0.16666666666666666
10.1177/02692163211019321;https://api.datacite.org/dois?query=Joachim+Cohen+publicationYear:2021;['Rose', 'Miranda', 'Tinne', 'Smets', 'Robrecht', 'De Schreye', 'Kristof', 'Faes', 'Joachim', 'Cohen', 'Lieve', 'Van den Block'];12;80;10.25384/sage.c.5653655.v1;0.16666666666666666
10.1177/02692163211019321;https://api.datacite.org/dois?query=Joachim+Cohen+publicationYear:2021;['Rose', 'Miranda', 'Tinne', 'Smets', 'Robrecht', 'De Schreye', 'Kristof', 'Faes', 'Joachim', 'Cohen', 'Lieve', 'Van den Block'];12;80;10.17182/hepdata.107761.v1/t11;0.3333333333333333
10.1177/02692163211019321;https://api.datacite.org/dois?query=Joachim+Cohen+publicationYear:2021;['Rose', 'Miranda', 'Tinne', 'Smets', 'Robrecht', 'De Schreye', 'Kristof', 'Faes', 'Joachim', 'Cohen', 'Lieve', 'Van den Block'];12;80;10.17182/hepdata.107761.v1/t10;0.3333333333333333
10.1177/02692163211019321;https://api.datacite.org/dois?query=Joachim+Cohen+publicationYear:2021;['Rose', 'Miranda', 'Tinne', 'Smets', 'Robrecht', 'De Schreye', 'Kristof', 'Faes', 'Joachim', 'Cohen', 'Lieve', 'Van den Block'];12;80;10.17182/hepdata.107761.v1/t9;0.3333333333333333
10.1177/02692163211019321;https://api.datacite.org/dois?query=Joachim+Cohen+publicationYear:2021;['Rose', 'Miranda', 'Tinne', 'Smets', 'Robrecht', 'De Schreye', 'Kristof', 'Faes', 'Joachim', 'Cohen', 'Lieve', 'Van den Block'];12;80;10.17182/hepdata.107761.v1/t8;0.3333333333333333
10.1177/02692163211019321;https://api.datacite.org/dois?query=Joachim+Cohen+publicationYear:2021;['Rose', 'Miranda', 'Tinne', 'Smets', 'Robrecht', 'De Schreye', 'Kristof', 'Faes', 'Joachim', 'Cohen', 'Lieve', 'Van den Block'];12;80;10.17182/hepdata.107761.v1/t7;0.3333333333333333
10.1177/02692163211019321;https://api.datacite.org/dois?query=Joachim+Cohen+publicationYear:2021;['Rose', 'Miranda', 'Tinne', 'Smets', 'Robrecht', 'De Schreye', 'Kristof', 'Faes', 'Joachim', 'Cohen', 'Lieve', 'Van den Block'];12;80;10.17182/hepdata.107761.v1/t6;0.3333333333333333
10.1177/02692163211019321;https://api.datacite.org/dois?query=Joachim+Cohen+publicationYear:2021;['Rose', 'Miranda', 'Tinne', 'Smets', 'Robrecht', 'De Schreye', 'Kristof', 'Faes', 'Joachim', 'Cohen', 'Lieve', 'Van den Block'];12;80;10.5281/zenodo.1477847;0.25
10.1177/02692163211019321;https://api.datacite.org/dois?query=Joachim+Cohen+publicationYear:2021;['Rose', 'Miranda', 'Tinne', 'Smets', 'Robrecht', 'De Schreye', 'Kristof', 'Faes', 'Joachim', 'Cohen', 'Lieve', 'Van den Block'];12;80;10.5281/zenodo.5547992;0.25
10.1177/02692163211019321;https://api.datacite.org/dois?query=Joachim+Cohen+publicationYear:2021;['Rose', 'Miranda', 'Tinne', 'Smets', 'Robrecht', 'De Schreye', 'Kristof', 'Faes', 'Joachim', 'Cohen', 'Lieve', 'Van den Block'];12;80;10.17182/hepdata.107761.v1/t5;0.3333333333333333
10.1177/02692163211019321;https://api.datacite.org/dois?query=Joachim+Cohen+publicationYear:2021;['Rose', 'Miranda', 'Tinne', 'Smets', 'Robrecht', 'De Schreye', 'Kristof', 'Faes', 'Joachim', 'Cohen', 'Lieve', 'Van den Block'];12;80;10.17182/hepdata.107761.v1/t4;0.3333333333333333
10.1177/02692163211019321;https://api.datacite.org/dois?query=Joachim+Cohen+publicationYear:2021;['Rose', 'Miranda', 'Tinne', 'Smets', 'Robrecht', 'De Schreye', 'Kristof', 'Faes', 'Joachim', 'Cohen', 'Lieve', 'Van den Block'];12;80;10.17182/hepdata.107761.v1/t3;0.3333333333333333
10.1177/02692163211019321;https://api.datacite.org/dois?query=Joachim+Cohen+publicationYear:2021;['Rose', 'Miranda', 'Tinne', 'Smets', 'Robrecht', 'De Schreye', 'Kristof', 'Faes', 'Joachim', 'Cohen', 'Lieve', 'Van den Block'];12;80;10.17182/hepdata.107761.v1/t2;0.3333333333333333
10.1177/02692163211019321;https://api.datacite.org/dois?query=Joachim+Cohen+publicationYear:2021;['Rose', 'Miranda', 'Tinne', 'Smets', 'Robrecht', 'De Schreye', 'Kristof', 'Faes', 'Joachim', 'Cohen', 'Lieve', 'Van den Block'];12;80;10.17182/hepdata.107761.v1/t1;0.3333333333333333
10.1177/02692163211019321;https://api.datacite.org/dois?query=Joachim+Cohen+publicationYear:2021;['Rose', 'Miranda', 'Tinne', 'Smets', 'Robrecht', 'De Schreye', 'Kristof', 'Faes', 'Joachim', 'Cohen', 'Lieve', 'Van den Block'];12;80;10.17182/hepdata.107761.v1;0.3333333333333333
10.1177/02692163211019321;https://api.datacite.org/dois?query=Joachim+Cohen+publicationYear:2021;['Rose', 'Miranda', 'Tinne', 'Smets', 'Robrecht', 'De Schreye', 'Kristof', 'Faes', 'Joachim', 'Cohen', 'Lieve', 'Van den Block'];12;80;10.17182/hepdata.107761;0.3333333333333333
10.1177/02692163211019321;https://api.datacite.org/dois?query=Joachim+Cohen+publicationYear:2021;['Rose', 'Miranda', 'Tinne', 'Smets', 'Robrecht', 'De Schreye', 'Kristof', 'Faes', 'Joachim', 'Cohen', 'Lieve', 'Van den Block'];12;80;10.17182/hepdata.107760.v1;0.3333333333333333
10.1177/02692163211019321;https://api.datacite.org/dois?query=Joachim+Cohen+publicationYear:2021;['Rose', 'Miranda', 'Tinne', 'Smets', 'Robrecht', 'De Schreye', 'Kristof', 'Faes', 'Joachim', 'Cohen', 'Lieve', 'Van den Block'];12;80;10.17182/hepdata.107760;0.3333333333333333
10.1016/j.scitotenv.2021.147075;https://api.datacite.org/dois?query=Martine+Leermakers+publicationYear:2021;['Ehab', 'Abdulbur Alfakhory', 'Natacha', 'Brion', 'Marek', 'Reichstädter', 'Martine', 'Leermakers', 'Willy', 'Baeyens'];10;80;10.48580/d4sv;0.6
10.1016/j.scitotenv.2021.147075;https://api.datacite.org/dois?query=Martine+Leermakers+publicationYear:2021;['Ehab', 'Abdulbur Alfakhory', 'Natacha', 'Brion', 'Marek', 'Reichstädter', 'Martine', 'Leermakers', 'Willy', 'Baeyens'];10;80;10.48580/d4sl-3gb;0.4
10.1016/j.scitotenv.2021.147075;https://api.datacite.org/dois?query=Martine+Leermakers+publicationYear:2021;['Ehab', 'Abdulbur Alfakhory', 'Natacha', 'Brion', 'Marek', 'Reichstädter', 'Martine', 'Leermakers', 'Willy', 'Baeyens'];10;80;10.48580/d4sg;0.6
10.1016/j.scitotenv.2021.147075;https://api.datacite.org/dois?query=Martine+Leermakers+publicationYear:2021;['Ehab', 'Abdulbur Alfakhory', 'Natacha', 'Brion', 'Marek', 'Reichstädter', 'Martine', 'Leermakers', 'Willy', 'Baeyens'];10;80;10.48580/d4sd-3gb;0.4
10.1016/j.scitotenv.2021.147075;https://api.datacite.org/dois?query=Martine+Leermakers+publicationYear:2021;['Ehab', 'Abdulbur Alfakhory', 'Natacha', 'Brion', 'Marek', 'Reichstädter', 'Martine', 'Leermakers', 'Willy', 'Baeyens'];10;80;10.48580/d4sb;0.6
10.1016/j.scitotenv.2021.147075;https://api.datacite.org/dois?query=Martine+Leermakers+publicationYear:2021;['Ehab', 'Abdulbur Alfakhory', 'Natacha', 'Brion', 'Marek', 'Reichstädter', 'Martine', 'Leermakers', 'Willy', 'Baeyens'];10;80;10.48580/d4sb-3gb;0.4
10.1177/02692163211019321;https://api.datacite.org/dois?query=Tinne+Smets+publicationYear:2021;['Rose', 'Miranda', 'Tinne', 'Smets', 'Robrecht', 'De Schreye', 'Kristof', 'Faes', 'Joachim', 'Cohen', 'Lieve', 'Van den Block'];12;80;10.25384/sage.c.5463579;1.0
10.1177/02692163211019321;https://api.datacite.org/dois?query=Tinne+Smets+publicationYear:2021;['Rose', 'Miranda', 'Tinne', 'Smets', 'Robrecht', 'De Schreye', 'Kristof', 'Faes', 'Joachim', 'Cohen', 'Lieve', 'Van den Block'];12;80;10.25384/sage.c.5463579.v1;1.0
10.1177/02692163211019321;https://api.datacite.org/dois?query=Tinne+Smets+publicationYear:2021;['Rose', 'Miranda', 'Tinne', 'Smets', 'Robrecht', 'De Schreye', 'Kristof', 'Faes', 'Joachim', 'Cohen', 'Lieve', 'Van den Block'];12;80;10.25384/sage.14769777;1.0
10.1177/02692163211019321;https://api.datacite.org/dois?query=Tinne+Smets+publicationYear:2021;['Rose', 'Miranda', 'Tinne', 'Smets', 'Robrecht', 'De Schreye', 'Kristof', 'Faes', 'Joachim', 'Cohen', 'Lieve', 'Van den Block'];12;80;10.25384/sage.14769780;1.0
10.1177/02692163211019321;https://api.datacite.org/dois?query=Tinne+Smets+publicationYear:2021;['Rose', 'Miranda', 'Tinne', 'Smets', 'Robrecht', 'De Schreye', 'Kristof', 'Faes', 'Joachim', 'Cohen', 'Lieve', 'Van den Block'];12;80;10.25384/sage.14769777.v1;1.0
10.1177/02692163211019321;https://api.datacite.org/dois?query=Tinne+Smets+publicationYear:2021;['Rose', 'Miranda', 'Tinne', 'Smets', 'Robrecht', 'De Schreye', 'Kristof', 'Faes', 'Joachim', 'Cohen', 'Lieve', 'Van den Block'];12;80;10.25384/sage.14769780.v1;1.0
10.1177/02692163211019321;https://api.datacite.org/dois?query=Tinne+Smets+publicationYear:2021;['Rose', 'Miranda', 'Tinne', 'Smets', 'Robrecht', 'De Schreye', 'Kristof', 'Faes', 'Joachim', 'Cohen', 'Lieve', 'Van den Block'];12;80;10.6084/m9.figshare.14177130.v1;0.4166666666666667
10.1177/02692163211019321;https://api.datacite.org/dois?query=Tinne+Smets+publicationYear:2021;['Rose', 'Miranda', 'Tinne', 'Smets', 'Robrecht', 'De Schreye', 'Kristof', 'Faes', 'Joachim', 'Cohen', 'Lieve', 'Van den Block'];12;80;10.6084/m9.figshare.14177130;0.4166666666666667
10.1177/02692163211019321;https://api.datacite.org/dois?query=Tinne+Smets+publicationYear:2021;['Rose', 'Miranda', 'Tinne', 'Smets', 'Robrecht', 'De Schreye', 'Kristof', 'Faes', 'Joachim', 'Cohen', 'Lieve', 'Van den Block'];12;80;10.6084/m9.figshare.14177127.v1;0.4166666666666667
10.1177/02692163211019321;https://api.datacite.org/dois?query=Tinne+Smets+publicationYear:2021;['Rose', 'Miranda', 'Tinne', 'Smets', 'Robrecht', 'De Schreye', 'Kristof', 'Faes', 'Joachim', 'Cohen', 'Lieve', 'Van den Block'];12;80;10.6084/m9.figshare.14177127;0.4166666666666667
10.1177/02692163211019321;https://api.datacite.org/dois?query=Tinne+Smets+publicationYear:2021;['Rose', 'Miranda', 'Tinne', 'Smets', 'Robrecht', 'De Schreye', 'Kristof', 'Faes', 'Joachim', 'Cohen', 'Lieve', 'Van den Block'];12;80;10.6084/m9.figshare.c.5330259;0.4166666666666667
10.1177/02692163211019321;https://api.datacite.org/dois?query=Tinne+Smets+publicationYear:2021;['Rose', 'Miranda', 'Tinne', 'Smets', 'Robrecht', 'De Schreye', 'Kristof', 'Faes', 'Joachim', 'Cohen', 'Lieve', 'Van den Block'];12;80;10.6084/m9.figshare.c.5330259.v1;0.4166666666666667
10.1016/j.scitotenv.2021.147075;https://api.datacite.org/dois?query=Willy+Baeyens+publicationYear:2021;['Ehab', 'Abdulbur Alfakhory', 'Natacha', 'Brion', 'Marek', 'Reichstädter', 'Martine', 'Leermakers', 'Willy', 'Baeyens'];10;80;10.48580/d4sv;0.6
10.1016/j.scitotenv.2021.147075;https://api.datacite.org/dois?query=Willy+Baeyens+publicationYear:2021;['Ehab', 'Abdulbur Alfakhory', 'Natacha', 'Brion', 'Marek', 'Reichstädter', 'Martine', 'Leermakers', 'Willy', 'Baeyens'];10;80;10.48580/d4sl-3gb;0.4
10.1016/j.scitotenv.2021.147075;https://api.datacite.org/dois?query=Willy+Baeyens+publicationYear:2021;['Ehab', 'Abdulbur Alfakhory', 'Natacha', 'Brion', 'Marek', 'Reichstädter', 'Martine', 'Leermakers', 'Willy', 'Baeyens'];10;80;10.48580/d4sg;0.6
10.1016/j.scitotenv.2021.147075;https://api.datacite.org/dois?query=Willy+Baeyens+publicationYear:2021;['Ehab', 'Abdulbur Alfakhory', 'Natacha', 'Brion', 'Marek', 'Reichstädter', 'Martine', 'Leermakers', 'Willy', 'Baeyens'];10;80;10.48580/d4sd-3gb;0.4
10.1016/j.scitotenv.2021.147075;https://api.datacite.org/dois?query=Willy+Baeyens+publicationYear:2021;['Ehab', 'Abdulbur Alfakhory', 'Natacha', 'Brion', 'Marek', 'Reichstädter', 'Martine', 'Leermakers', 'Willy', 'Baeyens'];10;80;10.48580/d4sb;0.6
10.1016/j.scitotenv.2021.147075;https://api.datacite.org/dois?query=Willy+Baeyens+publicationYear:2021;['Ehab', 'Abdulbur Alfakhory', 'Natacha', 'Brion', 'Marek', 'Reichstädter', 'Martine', 'Leermakers', 'Willy', 'Baeyens'];10;80;10.48580/d4sb-3gb;0.4
10.1177/02692163211019321;https://api.datacite.org/dois?query=Lieve+Van den Block+publicationYear:2021;['Rose', 'Miranda', 'Tinne', 'Smets', 'Robrecht', 'De Schreye', 'Kristof', 'Faes', 'Joachim', 'Cohen', 'Lieve', 'Van den Block'];12;80;10.6084/m9.figshare.16576032.v1;0.16666666666666666
10.1177/02692163211019321;https://api.datacite.org/dois?query=Lieve+Van den Block+publicationYear:2021;['Rose', 'Miranda', 'Tinne', 'Smets', 'Robrecht', 'De Schreye', 'Kristof', 'Faes', 'Joachim', 'Cohen', 'Lieve', 'Van den Block'];12;80;10.6084/m9.figshare.16576032;0.16666666666666666
10.1177/02692163211019321;https://api.datacite.org/dois?query=Lieve+Van den Block+publicationYear:2021;['Rose', 'Miranda', 'Tinne', 'Smets', 'Robrecht', 'De Schreye', 'Kristof', 'Faes', 'Joachim', 'Cohen', 'Lieve', 'Van den Block'];12;80;10.6084/m9.figshare.c.5605758;0.16666666666666666
10.1177/02692163211019321;https://api.datacite.org/dois?query=Lieve+Van den Block+publicationYear:2021;['Rose', 'Miranda', 'Tinne', 'Smets', 'Robrecht', 'De Schreye', 'Kristof', 'Faes', 'Joachim', 'Cohen', 'Lieve', 'Van den Block'];12;80;10.6084/m9.figshare.c.5605758.v1;0.16666666666666666
10.1177/02692163211019321;https://api.datacite.org/dois?query=Lieve+Van den Block+publicationYear:2021;['Rose', 'Miranda', 'Tinne', 'Smets', 'Robrecht', 'De Schreye', 'Kristof', 'Faes', 'Joachim', 'Cohen', 'Lieve', 'Van den Block'];12;80;10.25384/sage.16530805;0.16666666666666666
10.1177/02692163211019321;https://api.datacite.org/dois?query=Lieve+Van den Block+publicationYear:2021;['Rose', 'Miranda', 'Tinne', 'Smets', 'Robrecht', 'De Schreye', 'Kristof', 'Faes', 'Joachim', 'Cohen', 'Lieve', 'Van den Block'];12;80;10.25384/sage.c.5592517.v1;0.16666666666666666
10.1177/02692163211019321;https://api.datacite.org/dois?query=Lieve+Van den Block+publicationYear:2021;['Rose', 'Miranda', 'Tinne', 'Smets', 'Robrecht', 'De Schreye', 'Kristof', 'Faes', 'Joachim', 'Cohen', 'Lieve', 'Van den Block'];12;80;10.25384/sage.16530808.v1;0.16666666666666666
10.1177/02692163211019321;https://api.datacite.org/dois?query=Lieve+Van den Block+publicationYear:2021;['Rose', 'Miranda', 'Tinne', 'Smets', 'Robrecht', 'De Schreye', 'Kristof', 'Faes', 'Joachim', 'Cohen', 'Lieve', 'Van den Block'];12;80;10.25384/sage.16530805.v1;0.16666666666666666
10.1177/02692163211019321;https://api.datacite.org/dois?query=Lieve+Van den Block+publicationYear:2021;['Rose', 'Miranda', 'Tinne', 'Smets', 'Robrecht', 'De Schreye', 'Kristof', 'Faes', 'Joachim', 'Cohen', 'Lieve', 'Van den Block'];12;80;10.25384/sage.16530808;0.16666666666666666
10.1177/02692163211019321;https://api.datacite.org/dois?query=Lieve+Van den Block+publicationYear:2021;['Rose', 'Miranda', 'Tinne', 'Smets', 'Robrecht', 'De Schreye', 'Kristof', 'Faes', 'Joachim', 'Cohen', 'Lieve', 'Van den Block'];12;80;10.25384/sage.c.5592517;0.16666666666666666
10.1177/02692163211019321;https://api.datacite.org/dois?query=Lieve+Van den Block+publicationYear:2021;['Rose', 'Miranda', 'Tinne', 'Smets', 'Robrecht', 'De Schreye', 'Kristof', 'Faes', 'Joachim', 'Cohen', 'Lieve', 'Van den Block'];12;80;10.25384/sage.c.5579676;0.16666666666666666
10.1177/02692163211019321;https://api.datacite.org/dois?query=Lieve+Van den Block+publicationYear:2021;['Rose', 'Miranda', 'Tinne', 'Smets', 'Robrecht', 'De Schreye', 'Kristof', 'Faes', 'Joachim', 'Cohen', 'Lieve', 'Van den Block'];12;80;10.25384/sage.16428879;0.16666666666666666
10.1177/02692163211019321;https://api.datacite.org/dois?query=Lieve+Van den Block+publicationYear:2021;['Rose', 'Miranda', 'Tinne', 'Smets', 'Robrecht', 'De Schreye', 'Kristof', 'Faes', 'Joachim', 'Cohen', 'Lieve', 'Van den Block'];12;80;10.25384/sage.16428879.v1;0.16666666666666666
10.1177/02692163211019321;https://api.datacite.org/dois?query=Lieve+Van den Block+publicationYear:2021;['Rose', 'Miranda', 'Tinne', 'Smets', 'Robrecht', 'De Schreye', 'Kristof', 'Faes', 'Joachim', 'Cohen', 'Lieve', 'Van den Block'];12;80;10.25384/sage.16428873.v1;0.16666666666666666
10.1177/02692163211019321;https://api.datacite.org/dois?query=Lieve+Van den Block+publicationYear:2021;['Rose', 'Miranda', 'Tinne', 'Smets', 'Robrecht', 'De Schreye', 'Kristof', 'Faes', 'Joachim', 'Cohen', 'Lieve', 'Van den Block'];12;80;10.25384/sage.c.5579676.v1;0.16666666666666666
10.1177/02692163211019321;https://api.datacite.org/dois?query=Lieve+Van den Block+publicationYear:2021;['Rose', 'Miranda', 'Tinne', 'Smets', 'Robrecht', 'De Schreye', 'Kristof', 'Faes', 'Joachim', 'Cohen', 'Lieve', 'Van den Block'];12;80;10.25384/sage.16428876.v1;0.16666666666666666
10.1177/02692163211019321;https://api.datacite.org/dois?query=Lieve+Van den Block+publicationYear:2021;['Rose', 'Miranda', 'Tinne', 'Smets', 'Robrecht', 'De Schreye', 'Kristof', 'Faes', 'Joachim', 'Cohen', 'Lieve', 'Van den Block'];12;80;10.25384/sage.16428870.v1;0.16666666666666666
10.1177/02692163211019321;https://api.datacite.org/dois?query=Lieve+Van den Block+publicationYear:2021;['Rose', 'Miranda', 'Tinne', 'Smets', 'Robrecht', 'De Schreye', 'Kristof', 'Faes', 'Joachim', 'Cohen', 'Lieve', 'Van den Block'];12;80;10.25384/sage.16428876;0.16666666666666666
10.1177/02692163211019321;https://api.datacite.org/dois?query=Lieve+Van den Block+publicationYear:2021;['Rose', 'Miranda', 'Tinne', 'Smets', 'Robrecht', 'De Schreye', 'Kristof', 'Faes', 'Joachim', 'Cohen', 'Lieve', 'Van den Block'];12;80;10.25384/sage.16428873;0.16666666666666666
10.1177/02692163211019321;https://api.datacite.org/dois?query=Lieve+Van den Block+publicationYear:2021;['Rose', 'Miranda', 'Tinne', 'Smets', 'Robrecht', 'De Schreye', 'Kristof', 'Faes', 'Joachim', 'Cohen', 'Lieve', 'Van den Block'];12;80;10.25384/sage.16428870;0.16666666666666666
10.1177/02692163211019321;https://api.datacite.org/dois?query=Lieve+Van den Block+publicationYear:2021;['Rose', 'Miranda', 'Tinne', 'Smets', 'Robrecht', 'De Schreye', 'Kristof', 'Faes', 'Joachim', 'Cohen', 'Lieve', 'Van den Block'];12;80;10.6084/m9.figshare.15080066.v1;0.16666666666666666
10.1177/02692163211019321;https://api.datacite.org/dois?query=Lieve+Van den Block+publicationYear:2021;['Rose', 'Miranda', 'Tinne', 'Smets', 'Robrecht', 'De Schreye', 'Kristof', 'Faes', 'Joachim', 'Cohen', 'Lieve', 'Van den Block'];12;80;10.6084/m9.figshare.15080063.v1;0.16666666666666666
10.1177/02692163211019321;https://api.datacite.org/dois?query=Lieve+Van den Block+publicationYear:2021;['Rose', 'Miranda', 'Tinne', 'Smets', 'Robrecht', 'De Schreye', 'Kristof', 'Faes', 'Joachim', 'Cohen', 'Lieve', 'Van den Block'];12;80;10.6084/m9.figshare.15080066;0.16666666666666666
10.1177/02692163211019321;https://api.datacite.org/dois?query=Lieve+Van den Block+publicationYear:2021;['Rose', 'Miranda', 'Tinne', 'Smets', 'Robrecht', 'De Schreye', 'Kristof', 'Faes', 'Joachim', 'Cohen', 'Lieve', 'Van den Block'];12;80;10.6084/m9.figshare.15080063;0.16666666666666666
10.1177/02692163211019321;https://api.datacite.org/dois?query=Lieve+Van den Block+publicationYear:2021;['Rose', 'Miranda', 'Tinne', 'Smets', 'Robrecht', 'De Schreye', 'Kristof', 'Faes', 'Joachim', 'Cohen', 'Lieve', 'Van den Block'];12;80;10.6084/m9.figshare.c.5535713.v1;0.16666666666666666
10.1177/02692163211019321;https://api.datacite.org/dois?query=Rose+Miranda+publicationYear:2021;['Rose', 'Miranda', 'Tinne', 'Smets', 'Robrecht', 'De Schreye', 'Kristof', 'Faes', 'Joachim', 'Cohen', 'Lieve', 'Van den Block'];12;80;10.15468/dl.syeagq;0.16666666666666666
10.1177/02692163211019321;https://api.datacite.org/dois?query=Rose+Miranda+publicationYear:2021;['Rose', 'Miranda', 'Tinne', 'Smets', 'Robrecht', 'De Schreye', 'Kristof', 'Faes', 'Joachim', 'Cohen', 'Lieve', 'Van den Block'];12;80;10.15468/dl.7bmwpb;0.25
10.1177/02692163211019321;https://api.datacite.org/dois?query=Rose+Miranda+publicationYear:2021;['Rose', 'Miranda', 'Tinne', 'Smets', 'Robrecht', 'De Schreye', 'Kristof', 'Faes', 'Joachim', 'Cohen', 'Lieve', 'Van den Block'];12;80;10.15468/dl.gjk69w;0.16666666666666666
10.1177/02692163211019321;https://api.datacite.org/dois?query=Rose+Miranda+publicationYear:2021;['Rose', 'Miranda', 'Tinne', 'Smets', 'Robrecht', 'De Schreye', 'Kristof', 'Faes', 'Joachim', 'Cohen', 'Lieve', 'Van den Block'];12;80;10.15468/dl.rpcmwa;0.25
10.1177/02692163211019321;https://api.datacite.org/dois?query=Rose+Miranda+publicationYear:2021;['Rose', 'Miranda', 'Tinne', 'Smets', 'Robrecht', 'De Schreye', 'Kristof', 'Faes', 'Joachim', 'Cohen', 'Lieve', 'Van den Block'];12;80;10.15468/dl.4u8kny;0.16666666666666666
10.1177/02692163211019321;https://api.datacite.org/dois?query=Rose+Miranda+publicationYear:2021;['Rose', 'Miranda', 'Tinne', 'Smets', 'Robrecht', 'De Schreye', 'Kristof', 'Faes', 'Joachim', 'Cohen', 'Lieve', 'Van den Block'];12;80;10.17182/hepdata.113658.v1/t30;0.25
10.1177/02692163211019321;https://api.datacite.org/dois?query=Rose+Miranda+publicationYear:2021;['Rose', 'Miranda', 'Tinne', 'Smets', 'Robrecht', 'De Schreye', 'Kristof', 'Faes', 'Joachim', 'Cohen', 'Lieve', 'Van den Block'];12;80;10.17182/hepdata.113658.v1/t29;0.25
10.1177/02692163211019321;https://api.datacite.org/dois?query=Rose+Miranda+publicationYear:2021;['Rose', 'Miranda', 'Tinne', 'Smets', 'Robrecht', 'De Schreye', 'Kristof', 'Faes', 'Joachim', 'Cohen', 'Lieve', 'Van den Block'];12;80;10.17182/hepdata.113658.v1/t28;0.25
10.1177/02692163211019321;https://api.datacite.org/dois?query=Rose+Miranda+publicationYear:2021;['Rose', 'Miranda', 'Tinne', 'Smets', 'Robrecht', 'De Schreye', 'Kristof', 'Faes', 'Joachim', 'Cohen', 'Lieve', 'Van den Block'];12;80;10.17182/hepdata.113658.v1/t27;0.25
10.1177/02692163211019321;https://api.datacite.org/dois?query=Rose+Miranda+publicationYear:2021;['Rose', 'Miranda', 'Tinne', 'Smets', 'Robrecht', 'De Schreye', 'Kristof', 'Faes', 'Joachim', 'Cohen', 'Lieve', 'Van den Block'];12;80;10.17182/hepdata.113658.v1/t26;0.25
10.1177/02692163211019321;https://api.datacite.org/dois?query=Rose+Miranda+publicationYear:2021;['Rose', 'Miranda', 'Tinne', 'Smets', 'Robrecht', 'De Schreye', 'Kristof', 'Faes', 'Joachim', 'Cohen', 'Lieve', 'Van den Block'];12;80;10.17182/hepdata.113658.v1/t25;0.25
10.1177/02692163211019321;https://api.datacite.org/dois?query=Rose+Miranda+publicationYear:2021;['Rose', 'Miranda', 'Tinne', 'Smets', 'Robrecht', 'De Schreye', 'Kristof', 'Faes', 'Joachim', 'Cohen', 'Lieve', 'Van den Block'];12;80;10.17182/hepdata.113658.v1/t24;0.25
10.1177/02692163211019321;https://api.datacite.org/dois?query=Rose+Miranda+publicationYear:2021;['Rose', 'Miranda', 'Tinne', 'Smets', 'Robrecht', 'De Schreye', 'Kristof', 'Faes', 'Joachim', 'Cohen', 'Lieve', 'Van den Block'];12;80;10.17182/hepdata.113658.v1/t23;0.25
10.1177/02692163211019321;https://api.datacite.org/dois?query=Rose+Miranda+publicationYear:2021;['Rose', 'Miranda', 'Tinne', 'Smets', 'Robrecht', 'De Schreye', 'Kristof', 'Faes', 'Joachim', 'Cohen', 'Lieve', 'Van den Block'];12;80;10.17182/hepdata.113658.v1/t22;0.25
10.1177/02692163211019321;https://api.datacite.org/dois?query=Rose+Miranda+publicationYear:2021;['Rose', 'Miranda', 'Tinne', 'Smets', 'Robrecht', 'De Schreye', 'Kristof', 'Faes', 'Joachim', 'Cohen', 'Lieve', 'Van den Block'];12;80;10.17182/hepdata.113658.v1/t21;0.25
10.1177/02692163211019321;https://api.datacite.org/dois?query=Rose+Miranda+publicationYear:2021;['Rose', 'Miranda', 'Tinne', 'Smets', 'Robrecht', 'De Schreye', 'Kristof', 'Faes', 'Joachim', 'Cohen', 'Lieve', 'Van den Block'];12;80;10.17182/hepdata.113658.v1/t20;0.25
10.1177/02692163211019321;https://api.datacite.org/dois?query=Rose+Miranda+publicationYear:2021;['Rose', 'Miranda', 'Tinne', 'Smets', 'Robrecht', 'De Schreye', 'Kristof', 'Faes', 'Joachim', 'Cohen', 'Lieve', 'Van den Block'];12;80;10.17182/hepdata.113658.v1/t19;0.25
10.1177/02692163211019321;https://api.datacite.org/dois?query=Rose+Miranda+publicationYear:2021;['Rose', 'Miranda', 'Tinne', 'Smets', 'Robrecht', 'De Schreye', 'Kristof', 'Faes', 'Joachim', 'Cohen', 'Lieve', 'Van den Block'];12;80;10.17182/hepdata.113658.v1/t18;0.25
10.1177/02692163211019321;https://api.datacite.org/dois?query=Rose+Miranda+publicationYear:2021;['Rose', 'Miranda', 'Tinne', 'Smets', 'Robrecht', 'De Schreye', 'Kristof', 'Faes', 'Joachim', 'Cohen', 'Lieve', 'Van den Block'];12;80;10.17182/hepdata.113658.v1/t17;0.25
10.1177/02692163211019321;https://api.datacite.org/dois?query=Rose+Miranda+publicationYear:2021;['Rose', 'Miranda', 'Tinne', 'Smets', 'Robrecht', 'De Schreye', 'Kristof', 'Faes', 'Joachim', 'Cohen', 'Lieve', 'Van den Block'];12;80;10.17182/hepdata.113658.v1/t16;0.25
10.1177/02692163211019321;https://api.datacite.org/dois?query=Rose+Miranda+publicationYear:2021;['Rose', 'Miranda', 'Tinne', 'Smets', 'Robrecht', 'De Schreye', 'Kristof', 'Faes', 'Joachim', 'Cohen', 'Lieve', 'Van den Block'];12;80;10.17182/hepdata.113658.v1/t15;0.25
10.1177/02692163211019321;https://api.datacite.org/dois?query=Rose+Miranda+publicationYear:2021;['Rose', 'Miranda', 'Tinne', 'Smets', 'Robrecht', 'De Schreye', 'Kristof', 'Faes', 'Joachim', 'Cohen', 'Lieve', 'Van den Block'];12;80;10.17182/hepdata.113658.v1/t14;0.25
10.1177/02692163211019321;https://api.datacite.org/dois?query=Rose+Miranda+publicationYear:2021;['Rose', 'Miranda', 'Tinne', 'Smets', 'Robrecht', 'De Schreye', 'Kristof', 'Faes', 'Joachim', 'Cohen', 'Lieve', 'Van den Block'];12;80;10.17182/hepdata.113658.v1/t13;0.25
10.1177/02692163211019321;https://api.datacite.org/dois?query=Rose+Miranda+publicationYear:2021;['Rose', 'Miranda', 'Tinne', 'Smets', 'Robrecht', 'De Schreye', 'Kristof', 'Faes', 'Joachim', 'Cohen', 'Lieve', 'Van den Block'];12;80;10.17182/hepdata.113658.v1/t12;0.25
10.1177/02692163211019321;https://api.datacite.org/dois?query=Rose+Miranda+publicationYear:2021;['Rose', 'Miranda', 'Tinne', 'Smets', 'Robrecht', 'De Schreye', 'Kristof', 'Faes', 'Joachim', 'Cohen', 'Lieve', 'Van den Block'];12;80;10.17182/hepdata.113658.v1/t11;0.25
10.1177/02692163211019321;https://api.datacite.org/dois?query=Kristof+Faes+publicationYear:2021;['Rose', 'Miranda', 'Tinne', 'Smets', 'Robrecht', 'De Schreye', 'Kristof', 'Faes', 'Joachim', 'Cohen', 'Lieve', 'Van den Block'];12;80;10.25384/sage.c.5463579;1.0
10.1177/02692163211019321;https://api.datacite.org/dois?query=Kristof+Faes+publicationYear:2021;['Rose', 'Miranda', 'Tinne', 'Smets', 'Robrecht', 'De Schreye', 'Kristof', 'Faes', 'Joachim', 'Cohen', 'Lieve', 'Van den Block'];12;80;10.25384/sage.c.5463579.v1;1.0
10.1177/02692163211019321;https://api.datacite.org/dois?query=Kristof+Faes+publicationYear:2021;['Rose', 'Miranda', 'Tinne', 'Smets', 'Robrecht', 'De Schreye', 'Kristof', 'Faes', 'Joachim', 'Cohen', 'Lieve', 'Van den Block'];12;80;10.25384/sage.14769777;1.0
10.1177/02692163211019321;https://api.datacite.org/dois?query=Kristof+Faes+publicationYear:2021;['Rose', 'Miranda', 'Tinne', 'Smets', 'Robrecht', 'De Schreye', 'Kristof', 'Faes', 'Joachim', 'Cohen', 'Lieve', 'Van den Block'];12;80;10.25384/sage.14769780;1.0
10.1177/02692163211019321;https://api.datacite.org/dois?query=Kristof+Faes+publicationYear:2021;['Rose', 'Miranda', 'Tinne', 'Smets', 'Robrecht', 'De Schreye', 'Kristof', 'Faes', 'Joachim', 'Cohen', 'Lieve', 'Van den Block'];12;80;10.25384/sage.14769777.v1;1.0
10.1177/02692163211019321;https://api.datacite.org/dois?query=Kristof+Faes+publicationYear:2021;['Rose', 'Miranda', 'Tinne', 'Smets', 'Robrecht', 'De Schreye', 'Kristof', 'Faes', 'Joachim', 'Cohen', 'Lieve', 'Van den Block'];12;80;10.25384/sage.14769780.v1;1.0
